metric,pearson_r,pearson_p,spearman_r,spearman_p,n
Job openings rate % change,0.5016329704150273,0.20531272776503023,0.45509797952703834,0.25719208545877237,8
Hires rate % change,0.23687087588541816,0.5722003571269384,0.26347777762091695,0.528366470576909,8
