,AIOE,Routine Cog.,Social,Physical,Creative,Education,Log Wage
AIOE,1.0,0.7381223550084611,0.3768766117000989,-0.874932430310317,0.560683910726424,0.7260210086416033,0.5420490783020168
Routine Cog.,0.7381223550084611,1.0,0.004029971157528485,-0.6576985446671036,0.3285464087605725,0.5820755074804517,0.4847636514845098
Social,0.3768766117000989,0.004029971157528485,1.0,-0.6090271047409984,0.32785061186418296,0.268989092760862,-0.009801931245916757
Physical,-0.874932430310317,-0.6576985446671036,-0.6090271047409984,1.0,-0.6795687843211875,-0.7135194810588549,-0.4548019353948526
Creative,0.560683910726424,0.3285464087605725,0.32785061186418296,-0.6795687843211875,1.0,0.6261529712865033,0.42598868424298786
Education,0.7260210086416033,0.5820755074804517,0.268989092760862,-0.7135194810588549,0.6261529712865033,1.0,0.6847896096699096
Log Wage,0.5420490783020168,0.4847636514845098,-0.009801931245916757,-0.4548019353948526,0.42598868424298786,0.6847896096699096,1.0
